shop : [2, 18, 27]
restriction : [15]
all : [1, 16, 16]
code : [14, 14, 26]
searchable : [10]
september : [9]
visitor : [6, 21]
runescape : [19]
cheap : [19]
trade : [19]
skincare : [4]
selection : [25]
including : [14]
thanks : [3]
keywords : [10]
cold : [29]
november : [30]
ground : [7, 27]
console : [8]
$ : [2, 2, 7, 23, 24, 27, 30]
tire : [25]
garmin : [30]
extra : [9]
hot : [29]
to : [27]
only : [23]
black : [8, 14]
choose : [16]
listing : [10, 21]
gtx : [13]
save : [11, 12, 14, 16]
plasma : [2]
match : [15]
take : [9]
count : [16]
collaborate : [6]
premium : [22]
get : [2, 15, 17, 18]
URL : [1, 3, 4, 7, 11, 12, 15, 27]
big : [16]
activation : [20]
grand : [16]
calendars : [18]
coast : [16]
hdtv : [2]
therapy : [29]
superloft : [16]
formula : [23]
luxury : [12, 16]
ticket : [17, 21]
now : [16, 27]
like : [16]
tickets : [21]
illustrated : [18]
dns : [22]
beautifully : [18]
intel : [13]
nfl : [21]
bracelet : [12]
upload : [10]
xbox : [8]
these : [16]
good : [14]
affiliate : [21]
engelbreit : [18]
slumber : [16]
x : [13]
200-tc : [24]
soft : [16]
ram/1tb : [13]
enhanced : [16]
| : [27]
affordable : [12]
domain : [3]
CODE : [2, 2, 8, 13, 13, 14, 14, 20, 26, 30, 30]
quad-core : [13]
weight : [23]
w/ : [26]
back : [2]
pacific : [16]
lion : [13]
sure : [3]
design : [16]
picked : [9]
our : [18]
nuvi : [30]
hostel : [9]
power : [16]
living : [29]
jewelry : [12]
for : [1]
item : [26, 27]
support : [16]
review : [10]
please : [3]
gddr5/os : [13]
/ : [29]
ups : [27]
looking : [10]
2.9ghz/8gb : [13]
new : [1, 20]
rs3 : [19]
filled : [16]
refer : [21]
foley : [1]
core : [13, 16]
ringling : [17]
ability : [6]
business : [10, 10]
rims : [14]
marketing : [10]
men : [4]
free : [7, 18, 20, 27, 28]
discount : [4]
sheet : [24]
buy : [16, 19, 28]
luxurious : [16]
change : [3]
exclusion : [7]
on : [27]
search : [10]
thread : [16]
bedding : [16]
career : [1]
of : [27]
shipping : [7, 18, 27, 27]
page : [21]
trial : [28]
pillow : [16, 16, 16, 16, 16]
plus : [29]
processor : [13]
major : [10]
apple : [13]
point : [2]
coupon : [14, 14]
down : [16, 16]
kaufen : [22]
lexani : [14]
path : [28]
wrap : [29]
apply : [7]
thousand : [27]
your : [2]
select : [16]
size : [14, 29]
use : [3]
fill : [16]
engines : [10]
chrome : [14]
create : [10]
destination : [3]
class : [2]
continental : [7]
NUM : [2, 2, 7, 8, 9, 11, 12, 13, 13, 14, 14, 14, 16, 16, 16, 19, 21, 22, 23, 23, 24, 26, 26, 27, 30, 30]
way : [2]
huge : [25]
custom-painted : [14]
mary : [18]
today : [18]
> : [27]
lowest : [15]
flat : [24, 27]
life : [1]
medium : [16]
loft : [16]
verizon : [20]
offer : [7, 28]
club : [21]
tria : [16]
company : [10]
hotel : [9, 9]
great : [10]
imac : [13]
discover : [15]
wireless : [20, 22]
phone : [20]
player : [19]
craft : [15]
link : [10, 21, 21]
loss : [23]
art : [15]
utv : [25]
gold : [19, 19]
effort : [10]
customer : [10]
graphic : [13]
cluster : [16]
this : [10, 28]
double : [5]
rate : [27]
receive : [21]
game : [21]
anywhere : [6]
cuff : [5]
meet : [6]
supply : [15]
firm : [16]
geforce : [13]
circus : [17]
share : [6]
site : [15]
bros : [17]
direct : [28]
10,000 : [2]
evening : [5]
embrace : [16]
51' : [2]
want : [3]
in : [2]
DATE : [2, 24]
check : [15]
if : [3]
mountain : [13]
% : [9, 11, 12, 14, 16, 21, 26]
shirt : [5]
provide : [6]
credibility : [10]
make : [3]
comfort : [29]
detail : [15]
any : [26]
member : [2]
need : [28]
fusion/nvidia : [13]
guarantee : [15]
marcella : [5]
online : [15]
bailey : [17]
consultant : [28]
wing : [5]
brand : [25]
wheel : [14, 25]
picture : [10]
product : [4, 10]
designer : [4]
http : [3]
description : [10]
barnum : [17]
price : [15, 15, 26]
i5 : [13]
jetzt : [22]
hand : [9]
membership : [21, 21]
regular : [26]
lighting : [11]
mankind : [1]
intended : [28]
collar : [5]
expand : [10]
purchase : [21]
safe : [19]
z0mr-2981fdwrlsmm : [13]
off : [2, 9, 11, 26]
' : [2]
samsung : [2]
url : [3]
dvd : [1]
sale : [2, 9, 11, 21, 24]
microsoft : [8]
traditional : [16]
beaded : [12, 12]
de : [22]
u : [7, 27]
ultimate : [16]
cannon : [24]
directory : [10, 10]
mick : [1]
the : [1, 27]
clearance : [11]
starting : [10]
order : [7, 25]
fitted : [24]
